open,high,low,close,volume,thscode,time,thsname_cn,thsname_en,currency
128.0,135.99,127.66,134.8,48414500.0,300308.SZ,20230801,中际旭创,NA,CNY
134.0,135.99,130.52,133.8,26423400.0,300308.SZ,20230802,中际旭创,NA,CNY
130.38,135.49,128.33,130.51,30156900.0,300308.SZ,20230803,中际旭创,NA,CNY
130.03,141.03,129.51,139.95,45822900.0,300308.SZ,20230804,中际旭创,NA,CNY
141.0,146.66,138.88,141.75,41393000.0,300308.SZ,20230807,中际旭创,NA,CNY
141.75,144.43,134.5,134.51,30327600.0,300308.SZ,20230808,中际旭创,NA,CNY
134.18,136.15,126.61,126.84,41735200.0,300308.SZ,20230809,中际旭创,NA,CNY
124.06,127.19,122.01,124.01,31411600.0,300308.SZ,20230810,中际旭创,NA,CNY
125.43,127.14,121.98,121.98,20952800.0,300308.SZ,20230811,中际旭创,NA,CNY
122.7,123.52,120.31,123.52,29986200.0,300308.SZ,20230814,中际旭创,NA,CNY
129.0,129.88,121.01,121.9,42534700.0,300308.SZ,20230815,中际旭创,NA,CNY
120.02,123.3,118.11,121.01,31383100.0,300308.SZ,20230816,中际旭创,NA,CNY
118.8,124.2,117.18,122.25,32016400.0,300308.SZ,20230817,中际旭创,NA,CNY
121.5,122.5,115.51,115.51,31517400.0,300308.SZ,20230818,中际旭创,NA,CNY
116.33,120.55,115.3,117.87,25505200.0,300308.SZ,20230821,中际旭创,NA,CNY
122.1,126.55,118.15,126.0,46500600.0,300308.SZ,20230822,中际旭创,NA,CNY
123.48,123.49,118.1,119.0,28635700.0,300308.SZ,20230823,中际旭创,NA,CNY
124.0,126.0,119.33,121.0,40958400.0,300308.SZ,20230824,中际旭创,NA,CNY
113.33,115.14,106.01,106.95,58082000.0,300308.SZ,20230825,中际旭创,NA,CNY
114.0,116.06,110.1,111.5,48768900.0,300308.SZ,20230828,中际旭创,NA,CNY
113.0,121.0,109.53,115.19,43949000.0,300308.SZ,20230829,中际旭创,NA,CNY
116.1,119.59,113.38,116.0,31384200.0,300308.SZ,20230830,中际旭创,NA,CNY
114.0,116.34,113.75,114.62,19311000.0,300308.SZ,20230831,中际旭创,NA,CNY
113.9,115.29,110.85,112.15,20995800.0,300308.SZ,20230901,中际旭创,NA,CNY
112.96,113.48,110.75,112.35,16571800.0,300308.SZ,20230904,中际旭创,NA,CNY
111.9,111.9,108.12,109.01,21438300.0,300308.SZ,20230905,中际旭创,NA,CNY
109.12,110.95,106.8,109.7,19848000.0,300308.SZ,20230906,中际旭创,NA,CNY
109.1,110.75,106.11,106.31,23929500.0,300308.SZ,20230907,中际旭创,NA,CNY
103.57,107.2,102.0,105.25,28788500.0,300308.SZ,20230908,中际旭创,NA,CNY
106.25,112.99,104.52,109.2,37972200.0,300308.SZ,20230911,中际旭创,NA,CNY
108.08,111.88,107.55,109.92,24478600.0,300308.SZ,20230912,中际旭创,NA,CNY
109.45,110.9,105.36,106.67,18058900.0,300308.SZ,20230913,中际旭创,NA,CNY
107.17,108.31,102.5,102.65,24630600.0,300308.SZ,20230914,中际旭创,NA,CNY
103.39,104.16,97.41,98.68,36380900.0,300308.SZ,20230915,中际旭创,NA,CNY
99.0,99.59,94.72,95.5,29694600.0,300308.SZ,20230918,中际旭创,NA,CNY
96.4,99.26,93.69,96.5,26524300.0,300308.SZ,20230919,中际旭创,NA,CNY
96.49,100.9,96.0,97.15,27546900.0,300308.SZ,20230920,中际旭创,NA,CNY
96.5,100.32,96.21,97.37,23977600.0,300308.SZ,20230921,中际旭创,NA,CNY
97.97,112.92,97.5,111.08,64761000.0,300308.SZ,20230922,中际旭创,NA,CNY
111.08,111.9,106.8,107.5,41038900.0,300308.SZ,20230925,中际旭创,NA,CNY
109.95,115.77,109.3,111.8,44213300.0,300308.SZ,20230926,中际旭创,NA,CNY
111.25,116.2,111.25,114.07,27608100.0,300308.SZ,20230927,中际旭创,NA,CNY
117.88,119.33,114.02,115.8,30639000.0,300308.SZ,20230928,中际旭创,NA,CNY
115.43,116.98,107.51,111.06,44249300.0,300308.SZ,20231009,中际旭创,NA,CNY
110.37,112.72,107.98,109.45,25541200.0,300308.SZ,20231010,中际旭创,NA,CNY
110.55,113.77,107.66,109.73,25465500.0,300308.SZ,20231011,中际旭创,NA,CNY
111.0,111.42,105.63,106.67,21826500.0,300308.SZ,20231012,中际旭创,NA,CNY
105.8,106.37,100.9,102.37,29490500.0,300308.SZ,20231013,中际旭创,NA,CNY
101.35,102.78,99.38,100.01,22284000.0,300308.SZ,20231016,中际旭创,NA,CNY
101.12,103.5,97.88,100.56,23803800.0,300308.SZ,20231017,中际旭创,NA,CNY
96.61,98.11,93.22,97.45,34566300.0,300308.SZ,20231018,中际旭创,NA,CNY
96.77,97.51,94.23,94.64,22135400.0,300308.SZ,20231019,中际旭创,NA,CNY
96.98,97.17,93.76,94.07,25065400.0,300308.SZ,20231020,中际旭创,NA,CNY
97.17,99.16,93.7,96.1,39084900.0,300308.SZ,20231023,中际旭创,NA,CNY
98.2,101.8,94.52,95.8,58002700.0,300308.SZ,20231024,中际旭创,NA,CNY
91.46,95.64,87.8,88.01,57993000.0,300308.SZ,20231025,中际旭创,NA,CNY
88.66,90.75,87.61,89.9,34997200.0,300308.SZ,20231026,中际旭创,NA,CNY
89.01,90.28,87.42,89.41,27273000.0,300308.SZ,20231027,中际旭创,NA,CNY
89.37,90.8,87.5,89.82,27303200.0,300308.SZ,20231030,中际旭创,NA,CNY
90.2,90.61,85.91,87.75,27760200.0,300308.SZ,20231031,中际旭创,NA,CNY
87.2,88.6,85.05,85.22,22698900.0,300308.SZ,20231101,中际旭创,NA,CNY
86.54,89.33,85.9,85.93,27315300.0,300308.SZ,20231102,中际旭创,NA,CNY
86.5,91.16,86.5,88.65,38320900.0,300308.SZ,20231103,中际旭创,NA,CNY
90.44,91.91,89.0,91.42,37425500.0,300308.SZ,20231106,中际旭创,NA,CNY
90.89,104.0,90.28,99.2,56386500.0,300308.SZ,20231107,中际旭创,NA,CNY
97.1,98.57,95.71,96.65,35627500.0,300308.SZ,20231108,中际旭创,NA,CNY
99.0,103.17,98.3,100.99,39970000.0,300308.SZ,20231109,中际旭创,NA,CNY
100.5,105.2,100.0,101.54,31322800.0,300308.SZ,20231110,中际旭创,NA,CNY
105.8,108.51,103.8,104.9,37887400.0,300308.SZ,20231113,中际旭创,NA,CNY
104.91,107.64,102.55,105.01,27545400.0,300308.SZ,20231114,中际旭创,NA,CNY
108.0,108.0,100.13,104.0,30809000.0,300308.SZ,20231115,中际旭创,NA,CNY
102.0,103.9,100.01,100.04,23617100.0,300308.SZ,20231116,中际旭创,NA,CNY
100.09,107.0,100.09,105.59,31693200.0,300308.SZ,20231117,中际旭创,NA,CNY
103.65,105.57,100.58,102.35,32604100.0,300308.SZ,20231120,中际旭创,NA,CNY
103.88,107.3,103.09,103.57,29244100.0,300308.SZ,20231121,中际旭创,NA,CNY
102.0,102.5,97.3,97.36,36776400.0,300308.SZ,20231122,中际旭创,NA,CNY
96.89,98.5,95.8,98.14,20694100.0,300308.SZ,20231123,中际旭创,NA,CNY
97.31,97.77,93.86,94.4,20077300.0,300308.SZ,20231124,中际旭创,NA,CNY
94.01,99.17,94.0,97.88,27819000.0,300308.SZ,20231127,中际旭创,NA,CNY
96.5,97.09,94.06,94.75,16103100.0,300308.SZ,20231128,中际旭创,NA,CNY
94.92,95.8,93.45,94.74,15955000.0,300308.SZ,20231129,中际旭创,NA,CNY
94.1,95.35,93.58,94.92,15167600.0,300308.SZ,20231130,中际旭创,NA,CNY
94.89,101.54,93.14,100.0,41044600.0,300308.SZ,20231201,中际旭创,NA,CNY
100.52,105.0,100.1,102.78,35437600.0,300308.SZ,20231204,中际旭创,NA,CNY
101.88,103.99,100.51,100.8,27060700.0,300308.SZ,20231205,中际旭创,NA,CNY
100.0,101.5,98.8,100.68,17717600.0,300308.SZ,20231206,中际旭创,NA,CNY
102.6,105.5,100.22,104.37,32380600.0,300308.SZ,20231207,中际旭创,NA,CNY
107.86,119.9,106.03,117.5,62843800.0,300308.SZ,20231208,中际旭创,NA,CNY
117.24,121.0,114.22,120.15,44329000.0,300308.SZ,20231211,中际旭创,NA,CNY
120.12,121.5,112.0,114.96,43834300.0,300308.SZ,20231212,中际旭创,NA,CNY
114.15,115.99,113.13,113.4,20526400.0,300308.SZ,20231213,中际旭创,NA,CNY
115.0,116.88,112.1,112.81,23896200.0,300308.SZ,20231214,中际旭创,NA,CNY
113.38,114.3,108.56,110.05,20130300.0,300308.SZ,20231215,中际旭创,NA,CNY
109.12,115.5,108.51,113.39,27400000.0,300308.SZ,20231218,中际旭创,NA,CNY
114.13,114.89,109.99,113.19,19986800.0,300308.SZ,20231219,中际旭创,NA,CNY
113.2,113.56,107.55,109.3,23889800.0,300308.SZ,20231220,中际旭创,NA,CNY
108.21,117.9,107.44,114.19,29879800.0,300308.SZ,20231221,中际旭创,NA,CNY
112.68,114.66,109.38,110.39,23863500.0,300308.SZ,20231222,中际旭创,NA,CNY
111.11,113.28,107.68,111.25,15221000.0,300308.SZ,20231225,中际旭创,NA,CNY
110.59,111.38,105.61,106.96,19558400.0,300308.SZ,20231226,中际旭创,NA,CNY
107.58,109.01,106.61,107.13,13351000.0,300308.SZ,20231227,中际旭创,NA,CNY
106.88,110.2,106.4,109.01,19907800.0,300308.SZ,20231228,中际旭创,NA,CNY
109.11,115.93,109.08,112.91,24104700.0,300308.SZ,20231229,中际旭创,NA,CNY
112.85,114.78,110.53,110.61,14791000.0,300308.SZ,20240102,中际旭创,NA,CNY
109.11,109.99,104.89,104.99,22108600.0,300308.SZ,20240103,中际旭创,NA,CNY
104.7,105.67,102.36,104.0,16650700.0,300308.SZ,20240104,中际旭创,NA,CNY
103.62,104.5,99.2,100.03,17552000.0,300308.SZ,20240105,中际旭创,NA,CNY
99.8,101.11,97.82,98.8,13263000.0,300308.SZ,20240108,中际旭创,NA,CNY
101.78,103.53,100.5,101.32,20001000.0,300308.SZ,20240109,中际旭创,NA,CNY
101.33,102.71,98.3,100.0,13860200.0,300308.SZ,20240110,中际旭创,NA,CNY
100.0,104.48,99.91,103.39,19289700.0,300308.SZ,20240111,中际旭创,NA,CNY
102.63,102.98,99.56,100.56,13842000.0,300308.SZ,20240112,中际旭创,NA,CNY
99.36,103.6,99.36,101.88,12647600.0,300308.SZ,20240115,中际旭创,NA,CNY
100.89,101.26,98.4,100.29,16902500.0,300308.SZ,20240116,中际旭创,NA,CNY
100.66,102.84,99.02,99.02,19193100.0,300308.SZ,20240117,中际旭创,NA,CNY
97.04,109.95,96.83,109.83,37099700.0,300308.SZ,20240118,中际旭创,NA,CNY
112.3,113.58,110.39,111.0,31897300.0,300308.SZ,20240119,中际旭创,NA,CNY
116.0,116.5,110.99,111.6,32714900.0,300308.SZ,20240122,中际旭创,NA,CNY
111.99,117.26,110.84,114.0,29756900.0,300308.SZ,20240123,中际旭创,NA,CNY
113.65,114.18,108.98,113.7,26955200.0,300308.SZ,20240124,中际旭创,NA,CNY
112.48,119.2,111.42,118.35,29700900.0,300308.SZ,20240125,中际旭创,NA,CNY
117.99,118.0,113.8,115.96,23214900.0,300308.SZ,20240126,中际旭创,NA,CNY
113.65,113.65,96.7,103.82,42655800.0,300308.SZ,20240129,中际旭创,NA,CNY
103.0,105.8,100.73,101.2,21396800.0,300308.SZ,20240130,中际旭创,NA,CNY
100.02,107.89,98.75,102.8,28299400.0,300308.SZ,20240131,中际旭创,NA,CNY
103.79,116.0,101.55,111.05,35111500.0,300308.SZ,20240201,中际旭创,NA,CNY
111.88,113.88,107.7,109.85,27957800.0,300308.SZ,20240202,中际旭创,NA,CNY
108.0,117.43,107.87,112.0,36554700.0,300308.SZ,20240205,中际旭创,NA,CNY
110.66,124.88,109.8,124.88,35496800.0,300308.SZ,20240206,中际旭创,NA,CNY
123.1,125.99,121.59,124.61,27058000.0,300308.SZ,20240207,中际旭创,NA,CNY
127.5,137.0,124.8,127.0,35591800.0,300308.SZ,20240208,中际旭创,NA,CNY
138.0,152.4,133.86,152.4,41589100.0,300308.SZ,20240219,中际旭创,NA,CNY
153.0,162.99,151.0,159.5,44837200.0,300308.SZ,20240220,中际旭创,NA,CNY
152.0,154.03,147.3,149.96,45141600.0,300308.SZ,20240221,中际旭创,NA,CNY
158.05,159.64,149.47,154.51,41951400.0,300308.SZ,20240222,中际旭创,NA,CNY
160.0,161.0,147.05,147.73,49034100.0,300308.SZ,20240223,中际旭创,NA,CNY
142.03,151.41,142.03,149.03,33292600.0,300308.SZ,20240226,中际旭创,NA,CNY
147.46,164.7,146.02,161.94,45132200.0,300308.SZ,20240227,中际旭创,NA,CNY
161.0,162.9,149.81,149.81,40110600.0,300308.SZ,20240228,中际旭创,NA,CNY
153.0,158.8,151.0,155.16,36809300.0,300308.SZ,20240229,中际旭创,NA,CNY
156.03,163.52,156.03,161.1,37820600.0,300308.SZ,20240301,中际旭创,NA,CNY
166.11,170.66,160.11,165.66,40503400.0,300308.SZ,20240304,中际旭创,NA,CNY
163.3,179.9,162.62,169.16,46923400.0,300308.SZ,20240305,中际旭创,NA,CNY
167.0,170.2,162.84,167.28,30407900.0,300308.SZ,20240306,中际旭创,NA,CNY
170.0,174.77,164.0,164.14,30368900.0,300308.SZ,20240307,中际旭创,NA,CNY
168.87,176.93,164.65,174.99,36453700.0,300308.SZ,20240308,中际旭创,NA,CNY
167.03,170.97,164.28,170.6,34161700.0,300308.SZ,20240311,中际旭创,NA,CNY
169.8,171.59,159.77,164.85,36190400.0,300308.SZ,20240312,中际旭创,NA,CNY
171.41,171.88,164.89,165.0,31768300.0,300308.SZ,20240313,中际旭创,NA,CNY
162.0,172.0,162.0,169.53,31101600.0,300308.SZ,20240314,中际旭创,NA,CNY
167.0,180.4,165.59,177.36,38974200.0,300308.SZ,20240315,中际旭创,NA,CNY
178.75,186.08,177.59,179.99,32993500.0,300308.SZ,20240318,中际旭创,NA,CNY
173.31,176.65,171.45,173.81,33277200.0,300308.SZ,20240319,中际旭创,NA,CNY
172.0,175.66,166.0,168.96,32157900.0,300308.SZ,20240320,中际旭创,NA,CNY
169.24,172.66,166.33,167.68,25327200.0,300308.SZ,20240321,中际旭创,NA,CNY
168.0,170.52,166.36,167.68,22615300.0,300308.SZ,20240322,中际旭创,NA,CNY
167.96,171.88,164.0,166.51,22335600.0,300308.SZ,20240325,中际旭创,NA,CNY
165.51,172.78,150.0,158.5,46524600.0,300308.SZ,20240326,中际旭创,NA,CNY
160.78,161.97,152.76,154.2,29085600.0,300308.SZ,20240327,中际旭创,NA,CNY
155.01,159.88,151.13,154.69,26330800.0,300308.SZ,20240328,中际旭创,NA,CNY
153.1,157.0,151.85,156.56,16722000.0,300308.SZ,20240329,中际旭创,NA,CNY
157.79,163.88,155.77,163.0,21793100.0,300308.SZ,20240401,中际旭创,NA,CNY
162.0,166.0,160.03,162.55,19455600.0,300308.SZ,20240402,中际旭创,NA,CNY
159.0,160.55,155.63,156.1,16630400.0,300308.SZ,20240403,中际旭创,NA,CNY
155.6,169.3,155.6,164.56,25924300.0,300308.SZ,20240408,中际旭创,NA,CNY
164.0,165.98,160.23,164.9,17038300.0,300308.SZ,20240409,中际旭创,NA,CNY
162.27,164.88,157.0,159.5,16849000.0,300308.SZ,20240410,中际旭创,NA,CNY
161.0,164.58,159.79,160.15,14886200.0,300308.SZ,20240411,中际旭创,NA,CNY
164.0,174.3,163.5,169.33,30735000.0,300308.SZ,20240412,中际旭创,NA,CNY
167.79,172.54,166.56,169.5,17939500.0,300308.SZ,20240415,中际旭创,NA,CNY
167.3,172.5,163.05,166.36,18793500.0,300308.SZ,20240416,中际旭创,NA,CNY
168.33,176.05,166.0,174.61,21453500.0,300308.SZ,20240417,中际旭创,NA,CNY
170.66,176.3,168.2,173.38,16413500.0,300308.SZ,20240418,中际旭创,NA,CNY
172.15,175.24,163.9,170.7,21452800.0,300308.SZ,20240419,中际旭创,NA,CNY
155.0,159.99,150.88,158.36,34918200.0,300308.SZ,20240422,中际旭创,NA,CNY
158.97,161.86,154.47,157.51,24066700.0,300308.SZ,20240423,中际旭创,NA,CNY
159.77,169.0,157.86,168.27,27610700.0,300308.SZ,20240424,中际旭创,NA,CNY
164.9,167.83,163.28,164.15,16671800.0,300308.SZ,20240425,中际旭创,NA,CNY
170.99,187.98,170.6,184.86,40657800.0,300308.SZ,20240426,中际旭创,NA,CNY
187.96,190.0,185.52,187.7,24975900.0,300308.SZ,20240429,中际旭创,NA,CNY
187.5,192.88,186.1,186.31,16590100.0,300308.SZ,20240430,中际旭创,NA,CNY
191.0,192.61,182.85,183.22,19870100.0,300308.SZ,20240506,中际旭创,NA,CNY
187.78,188.72,172.1,176.79,30864400.0,300308.SZ,20240507,中际旭创,NA,CNY
175.5,177.93,173.5,174.8,16068700.0,300308.SZ,20240508,中际旭创,NA,CNY
173.9,174.6,168.22,173.18,18207900.0,300308.SZ,20240509,中际旭创,NA,CNY
170.8,172.68,166.68,171.2,15323800.0,300308.SZ,20240510,中际旭创,NA,CNY
172.5,176.0,170.46,171.55,16663900.0,300308.SZ,20240513,中际旭创,NA,CNY
171.86,173.0,164.69,165.43,21466000.0,300308.SZ,20240514,中际旭创,NA,CNY
165.01,171.21,164.5,166.77,15412100.0,300308.SZ,20240515,中际旭创,NA,CNY
171.98,174.58,170.0,170.5,23207500.0,300308.SZ,20240516,中际旭创,NA,CNY
167.8,173.31,164.23,170.58,19908000.0,300308.SZ,20240517,中际旭创,NA,CNY
169.0,178.85,166.5,176.86,24224900.0,300308.SZ,20240520,中际旭创,NA,CNY
176.66,180.3,175.75,177.43,13305200.0,300308.SZ,20240521,中际旭创,NA,CNY
176.0,176.88,172.72,173.17,13940000.0,300308.SZ,20240522,中际旭创,NA,CNY
178.0,179.67,168.88,173.79,22164500.0,300308.SZ,20240523,中际旭创,NA,CNY
172.0,179.74,164.98,165.39,27366500.0,300308.SZ,20240524,中际旭创,NA,CNY
166.11,170.89,165.0,168.39,16695100.0,300308.SZ,20240527,中际旭创,NA,CNY
167.0,167.39,160.1,161.01,24734600.0,300308.SZ,20240528,中际旭创,NA,CNY
165.0,166.0,160.47,161.0,15789800.0,300308.SZ,20240529,中际旭创,NA,CNY
161.1,162.9,158.66,159.97,10958500.0,300308.SZ,20240530,中际旭创,NA,CNY
157.0,162.68,154.54,157.27,14953500.0,300308.SZ,20240531,中际旭创,NA,CNY
161.0,171.71,159.33,168.35,28507500.0,300308.SZ,20240603,中际旭创,NA,CNY
170.0,174.99,169.4,173.0,20440100.0,300308.SZ,20240604,中际旭创,NA,CNY
172.1,173.5,166.96,166.96,14107100.0,300308.SZ,20240605,中际旭创,NA,CNY
123.3,129.92,123.3,125.42,40541000.0,300308.SZ,20240606,中际旭创,NA,CNY
124.1,125.94,118.99,119.51,31591600.0,300308.SZ,20240607,中际旭创,NA,CNY
118.99,121.66,117.39,119.01,19973500.0,300308.SZ,20240611,中际旭创,NA,CNY
119.0,121.33,117.02,119.21,16624900.0,300308.SZ,20240612,中际旭创,NA,CNY
120.87,126.43,119.68,123.7,30630900.0,300308.SZ,20240613,中际旭创,NA,CNY
125.01,140.48,124.08,138.3,58687300.0,300308.SZ,20240614,中际旭创,NA,CNY
141.0,144.94,140.5,142.51,37826600.0,300308.SZ,20240617,中际旭创,NA,CNY
142.58,151.49,142.58,146.91,34457800.0,300308.SZ,20240618,中际旭创,NA,CNY
149.75,150.24,144.2,146.0,24641300.0,300308.SZ,20240619,中际旭创,NA,CNY
146.0,148.96,144.66,144.7,20839800.0,300308.SZ,20240620,中际旭创,NA,CNY
140.5,145.8,140.01,143.0,23695800.0,300308.SZ,20240621,中际旭创,NA,CNY
145.2,146.49,139.55,140.21,20461300.0,300308.SZ,20240624,中际旭创,NA,CNY
135.0,137.6,133.55,134.9,26448900.0,300308.SZ,20240625,中际旭创,NA,CNY
138.0,140.77,137.6,140.0,26628300.0,300308.SZ,20240626,中际旭创,NA,CNY
137.97,140.0,135.8,136.14,17307400.0,300308.SZ,20240627,中际旭创,NA,CNY
136.0,141.84,135.75,137.88,22826300.0,300308.SZ,20240628,中际旭创,NA,CNY
137.35,146.33,137.01,144.9,29649300.0,300308.SZ,20240701,中际旭创,NA,CNY
144.98,147.66,142.7,145.61,22876800.0,300308.SZ,20240702,中际旭创,NA,CNY
144.0,144.45,140.1,143.5,15117500.0,300308.SZ,20240703,中际旭创,NA,CNY
145.8,147.35,143.01,143.01,17276600.0,300308.SZ,20240704,中际旭创,NA,CNY
143.6,144.28,138.71,141.5,18038600.0,300308.SZ,20240705,中际旭创,NA,CNY
146.09,147.0,142.39,144.39,20380700.0,300308.SZ,20240708,中际旭创,NA,CNY
143.89,156.0,142.41,154.33,31006700.0,300308.SZ,20240709,中际旭创,NA,CNY
154.0,157.97,152.58,157.53,23634400.0,300308.SZ,20240710,中际旭创,NA,CNY
159.21,159.68,149.3,153.26,29084200.0,300308.SZ,20240711,中际旭创,NA,CNY
148.11,150.97,146.0,150.12,20031200.0,300308.SZ,20240712,中际旭创,NA,CNY
148.0,151.37,145.3,149.58,17939700.0,300308.SZ,20240715,中际旭创,NA,CNY
149.68,150.48,143.8,148.12,25208600.0,300308.SZ,20240716,中际旭创,NA,CNY
146.98,147.47,140.43,141.71,28992200.0,300308.SZ,20240717,中际旭创,NA,CNY
136.01,140.51,133.25,140.0,33790800.0,300308.SZ,20240718,中际旭创,NA,CNY
137.2,139.3,134.96,134.98,22467100.0,300308.SZ,20240719,中际旭创,NA,CNY
134.0,136.5,132.14,134.6,20627100.0,300308.SZ,20240722,中际旭创,NA,CNY
137.0,137.08,130.9,130.92,20271700.0,300308.SZ,20240723,中际旭创,NA,CNY
129.51,135.5,129.19,130.34,22128800.0,300308.SZ,20240724,中际旭创,NA,CNY
126.7,127.38,120.85,122.27,34355300.0,300308.SZ,20240725,中际旭创,NA,CNY
122.71,125.8,121.07,124.25,22474500.0,300308.SZ,20240726,中际旭创,NA,CNY
123.99,131.31,123.16,129.59,26996300.0,300308.SZ,20240729,中际旭创,NA,CNY
128.0,129.48,125.68,127.66,15853800.0,300308.SZ,20240730,中际旭创,NA,CNY
126.38,130.0,123.1,129.5,28132600.0,300308.SZ,20240731,中际旭创,NA,CNY
134.5,135.45,129.51,129.9,27979200.0,300308.SZ,20240801,中际旭创,NA,CNY
122.38,124.22,118.68,118.98,37967600.0,300308.SZ,20240802,中际旭创,NA,CNY
113.04,116.8,108.99,110.12,47058900.0,300308.SZ,20240805,中际旭创,NA,CNY
114.9,117.24,112.92,114.48,33381700.0,300308.SZ,20240806,中际旭创,NA,CNY
113.0,116.0,112.0,113.32,20635200.0,300308.SZ,20240807,中际旭创,NA,CNY
110.0,112.29,109.0,110.5,20445100.0,300308.SZ,20240808,中际旭创,NA,CNY
113.0,115.0,112.28,112.53,25518200.0,300308.SZ,20240809,中际旭创,NA,CNY
112.35,115.4,112.35,113.35,17528900.0,300308.SZ,20240812,中际旭创,NA,CNY
115.0,118.49,114.1,116.94,25479600.0,300308.SZ,20240813,中际旭创,NA,CNY
120.02,120.5,115.78,115.78,20635400.0,300308.SZ,20240814,中际旭创,NA,CNY
115.76,116.92,113.8,115.1,14976200.0,300308.SZ,20240815,中际旭创,NA,CNY
118.2,121.89,118.2,119.96,27506200.0,300308.SZ,20240816,中际旭创,NA,CNY
121.2,123.65,119.45,121.64,18725300.0,300308.SZ,20240819,中际旭创,NA,CNY
123.99,125.18,121.25,121.69,16960500.0,300308.SZ,20240820,中际旭创,NA,CNY
120.2,123.77,120.0,122.22,13381400.0,300308.SZ,20240821,中际旭创,NA,CNY
122.46,123.27,120.47,121.39,10673400.0,300308.SZ,20240822,中际旭创,NA,CNY
120.99,121.48,118.5,119.92,12275300.0,300308.SZ,20240823,中际旭创,NA,CNY
121.8,122.37,112.86,114.34,26366200.0,300308.SZ,20240826,中际旭创,NA,CNY
113.51,115.58,111.72,113.25,16377500.0,300308.SZ,20240827,中际旭创,NA,CNY
113.0,115.51,111.23,112.56,14895200.0,300308.SZ,20240828,中际旭创,NA,CNY
106.77,107.5,102.3,106.64,37485000.0,300308.SZ,20240829,中际旭创,NA,CNY
106.42,110.9,106.33,108.9,31259500.0,300308.SZ,20240830,中际旭创,NA,CNY
108.55,109.37,104.0,104.13,22085800.0,300308.SZ,20240902,中际旭创,NA,CNY
104.15,106.11,103.2,105.31,13014800.0,300308.SZ,20240903,中际旭创,NA,CNY
99.0,103.16,98.0,101.9,31225800.0,300308.SZ,20240904,中际旭创,NA,CNY
101.89,104.01,100.41,101.67,18634600.0,300308.SZ,20240905,中际旭创,NA,CNY
101.0,102.21,99.19,99.42,14485600.0,300308.SZ,20240906,中际旭创,NA,CNY
98.6,102.3,97.76,102.0,19469500.0,300308.SZ,20240909,中际旭创,NA,CNY
102.2,108.73,101.34,106.43,33098800.0,300308.SZ,20240910,中际旭创,NA,CNY
108.38,109.15,105.56,106.18,19611600.0,300308.SZ,20240911,中际旭创,NA,CNY
111.0,112.0,107.9,108.0,22198400.0,300308.SZ,20240912,中际旭创,NA,CNY
108.3,116.7,108.27,115.94,35283900.0,300308.SZ,20240913,中际旭创,NA,CNY
114.0,116.22,113.01,113.64,15117500.0,300308.SZ,20240918,中际旭创,NA,CNY
114.12,114.59,106.66,110.03,27338400.0,300308.SZ,20240919,中际旭创,NA,CNY
111.9,112.5,108.18,109.0,16076300.0,300308.SZ,20240920,中际旭创,NA,CNY
108.18,111.21,107.49,108.9,12615300.0,300308.SZ,20240923,中际旭创,NA,CNY
109.13,122.17,109.13,122.16,36020700.0,300308.SZ,20240924,中际旭创,NA,CNY
125.69,126.5,121.61,121.99,28631100.0,300308.SZ,20240925,中际旭创,NA,CNY
123.01,129.98,121.7,129.68,26838900.0,300308.SZ,20240926,中际旭创,NA,CNY
128.79,137.68,126.06,133.6,49555500.0,300308.SZ,20240927,中际旭创,NA,CNY
136.0,155.5,132.0,154.86,61306500.0,300308.SZ,20240930,中际旭创,NA,CNY
185.8,185.83,161.7,185.83,74989300.0,300308.SZ,20241008,中际旭创,NA,CNY
175.11,185.57,163.5,166.4,65754700.0,300308.SZ,20241009,中际旭创,NA,CNY
168.2,169.69,157.0,162.71,46360800.0,300308.SZ,20241010,中际旭创,NA,CNY
159.01,168.3,156.69,159.64,35176100.0,300308.SZ,20241011,中际旭创,NA,CNY
159.0,162.58,152.35,162.0,42267400.0,300308.SZ,20241014,中际旭创,NA,CNY
161.0,167.06,157.68,157.8,32637400.0,300308.SZ,20241015,中际旭创,NA,CNY
151.86,154.73,147.66,148.7,37880400.0,300308.SZ,20241016,中际旭创,NA,CNY
151.0,153.5,148.75,150.5,25106700.0,300308.SZ,20241017,中际旭创,NA,CNY
150.0,177.0,149.66,168.0,58646400.0,300308.SZ,20241018,中际旭创,NA,CNY
166.4,171.8,159.11,164.97,54772700.0,300308.SZ,20241021,中际旭创,NA,CNY
169.0,170.33,163.5,170.0,40726400.0,300308.SZ,20241022,中际旭创,NA,CNY
160.0,162.62,155.7,156.16,60557800.0,300308.SZ,20241023,中际旭创,NA,CNY
154.85,165.98,154.5,157.1,44036400.0,300308.SZ,20241024,中际旭创,NA,CNY
158.89,159.81,153.65,156.36,38942600.0,300308.SZ,20241025,中际旭创,NA,CNY
156.37,156.75,148.1,150.54,40852100.0,300308.SZ,20241028,中际旭创,NA,CNY
147.9,148.0,143.07,143.47,49801400.0,300308.SZ,20241029,中际旭创,NA,CNY
143.0,145.5,139.32,141.25,36838800.0,300308.SZ,20241030,中际旭创,NA,CNY
140.0,146.28,138.8,143.02,37454100.0,300308.SZ,20241031,中际旭创,NA,CNY
141.48,145.86,139.51,140.73,29520800.0,300308.SZ,20241101,中际旭创,NA,CNY
141.99,146.9,140.99,143.15,26075200.0,300308.SZ,20241104,中际旭创,NA,CNY
143.15,148.83,142.5,148.29,44324000.0,300308.SZ,20241105,中际旭创,NA,CNY
148.35,149.2,142.01,142.9,41890700.0,300308.SZ,20241106,中际旭创,NA,CNY
138.97,147.78,136.36,145.08,42156300.0,300308.SZ,20241107,中际旭创,NA,CNY
147.51,151.22,142.21,142.21,49400000.0,300308.SZ,20241108,中际旭创,NA,CNY
141.0,147.2,138.02,144.9,43402400.0,300308.SZ,20241111,中际旭创,NA,CNY
145.01,150.77,142.51,147.5,54581600.0,300308.SZ,20241112,中际旭创,NA,CNY
146.52,158.08,144.1,156.3,67028000.0,300308.SZ,20241113,中际旭创,NA,CNY
154.75,156.57,148.09,148.81,39636100.0,300308.SZ,20241114,中际旭创,NA,CNY
148.81,152.88,140.2,140.5,37995500.0,300308.SZ,20241115,中际旭创,NA,CNY
139.0,139.96,130.88,132.01,40771600.0,300308.SZ,20241118,中际旭创,NA,CNY
133.33,136.67,129.87,134.8,29837100.0,300308.SZ,20241119,中际旭创,NA,CNY
135.49,141.49,135.38,138.14,33693700.0,300308.SZ,20241120,中际旭创,NA,CNY
136.01,138.3,131.25,133.8,32328500.0,300308.SZ,20241121,中际旭创,NA,CNY
133.8,138.98,131.78,132.28,30118700.0,300308.SZ,20241122,中际旭创,NA,CNY
132.5,133.8,122.5,125.0,43013600.0,300308.SZ,20241125,中际旭创,NA,CNY
124.0,129.0,123.5,127.04,31049600.0,300308.SZ,20241126,中际旭创,NA,CNY
126.0,130.49,124.41,128.69,24617600.0,300308.SZ,20241127,中际旭创,NA,CNY
127.42,127.89,124.3,124.79,25241100.0,300308.SZ,20241128,中际旭创,NA,CNY
125.0,129.86,124.53,126.73,28490500.0,300308.SZ,20241129,中际旭创,NA,CNY
127.99,134.16,127.45,132.03,34766300.0,300308.SZ,20241202,中际旭创,NA,CNY
132.0,133.2,128.88,130.0,19942200.0,300308.SZ,20241203,中际旭创,NA,CNY
129.58,131.38,127.3,128.02,18563300.0,300308.SZ,20241204,中际旭创,NA,CNY
129.11,134.46,128.95,131.84,31761100.0,300308.SZ,20241205,中际旭创,NA,CNY
132.06,134.2,130.79,131.51,20295600.0,300308.SZ,20241206,中际旭创,NA,CNY
131.55,131.59,123.41,125.1,37629000.0,300308.SZ,20241209,中际旭创,NA,CNY
128.85,128.86,121.52,123.15,45022500.0,300308.SZ,20241210,中际旭创,NA,CNY
122.0,126.19,120.11,125.13,32730700.0,300308.SZ,20241211,中际旭创,NA,CNY
125.0,131.62,124.88,130.17,45017400.0,300308.SZ,20241212,中际旭创,NA,CNY
130.0,131.38,125.16,127.1,34654500.0,300308.SZ,20241213,中际旭创,NA,CNY
127.97,128.23,122.28,122.8,29185400.0,300308.SZ,20241216,中际旭创,NA,CNY
123.0,130.47,122.55,125.99,41261400.0,300308.SZ,20241217,中际旭创,NA,CNY
127.2,127.5,122.66,123.43,26538800.0,300308.SZ,20241218,中际旭创,NA,CNY
122.18,127.53,121.8,127.04,31095900.0,300308.SZ,20241219,中际旭创,NA,CNY
126.31,129.99,126.31,127.1,29491000.0,300308.SZ,20241220,中际旭创,NA,CNY
129.5,135.76,128.28,132.59,52194900.0,300308.SZ,20241223,中际旭创,NA,CNY
133.01,134.2,128.18,131.61,35099300.0,300308.SZ,20241224,中际旭创,NA,CNY
131.22,137.94,130.69,134.99,36355900.0,300308.SZ,20241225,中际旭创,NA,CNY
135.87,141.5,133.56,140.8,42898200.0,300308.SZ,20241226,中际旭创,NA,CNY
141.11,141.56,135.73,136.85,33332100.0,300308.SZ,20241227,中际旭创,NA,CNY
138.0,138.3,130.08,131.18,36501500.0,300308.SZ,20241230,中际旭创,NA,CNY
130.96,131.0,123.5,123.51,39387600.0,300308.SZ,20241231,中际旭创,NA,CNY
122.8,125.8,120.7,122.11,26859600.0,300308.SZ,20250102,中际旭创,NA,CNY
122.51,124.7,121.0,123.01,26789600.0,300308.SZ,20250103,中际旭创,NA,CNY
124.88,128.28,124.5,125.49,26393200.0,300308.SZ,20250106,中际旭创,NA,CNY
126.36,128.6,123.6,128.35,29200500.0,300308.SZ,20250107,中际旭创,NA,CNY
125.88,125.9,121.72,124.22,28637100.0,300308.SZ,20250108,中际旭创,NA,CNY
123.01,123.7,121.48,121.51,29351000.0,300308.SZ,20250109,中际旭创,NA,CNY
121.44,121.44,112.8,113.13,53030200.0,300308.SZ,20250110,中际旭创,NA,CNY
110.2,114.08,109.69,110.8,35746700.0,300308.SZ,20250113,中际旭创,NA,CNY
110.9,114.5,108.78,114.35,38343300.0,300308.SZ,20250114,中际旭创,NA,CNY
113.21,113.38,110.23,110.54,29329700.0,300308.SZ,20250115,中际旭创,NA,CNY
111.88,120.37,110.7,119.49,71047700.0,300308.SZ,20250116,中际旭创,NA,CNY
120.0,120.58,115.15,116.9,44653900.0,300308.SZ,20250117,中际旭创,NA,CNY
117.96,121.4,117.84,119.16,39065200.0,300308.SZ,20250120,中际旭创,NA,CNY
122.0,122.96,118.38,119.56,38273800.0,300308.SZ,20250121,中际旭创,NA,CNY
121.88,133.95,121.6,132.0,84480200.0,300308.SZ,20250122,中际旭创,NA,CNY
132.58,134.67,127.31,127.75,60841900.0,300308.SZ,20250123,中际旭创,NA,CNY
127.14,129.96,126.24,128.25,41111500.0,300308.SZ,20250124,中际旭创,NA,CNY
123.0,123.0,114.82,114.82,68194200.0,300308.SZ,20250127,中际旭创,NA,CNY
109.0,109.0,95.82,98.25,97108000.0,300308.SZ,20250205,中际旭创,NA,CNY
100.79,101.28,98.03,101.0,65465800.0,300308.SZ,20250206,中际旭创,NA,CNY
102.0,109.4,101.71,107.78,76269800.0,300308.SZ,20250207,中际旭创,NA,CNY
110.66,111.47,107.81,110.62,50515100.0,300308.SZ,20250210,中际旭创,NA,CNY
111.02,113.88,109.6,111.5,43879400.0,300308.SZ,20250211,中际旭创,NA,CNY
110.7,111.99,110.0,111.9,35424500.0,300308.SZ,20250212,中际旭创,NA,CNY
111.0,111.33,108.06,108.12,39434900.0,300308.SZ,20250213,中际旭创,NA,CNY
109.77,111.33,106.05,107.43,36238900.0,300308.SZ,20250214,中际旭创,NA,CNY
108.61,117.86,108.6,115.56,71522400.0,300308.SZ,20250217,中际旭创,NA,CNY
114.41,116.98,113.02,113.59,45956200.0,300308.SZ,20250218,中际旭创,NA,CNY
114.15,114.66,111.46,114.24,37706300.0,300308.SZ,20250219,中际旭创,NA,CNY
114.21,116.24,112.61,114.44,35372900.0,300308.SZ,20250220,中际旭创,NA,CNY
115.89,120.7,114.8,118.73,57448600.0,300308.SZ,20250221,中际旭创,NA,CNY
118.0,118.0,114.01,114.5,52055300.0,300308.SZ,20250224,中际旭创,NA,CNY
111.01,113.12,110.5,111.35,45792800.0,300308.SZ,20250225,中际旭创,NA,CNY
110.76,112.36,108.01,112.22,49434000.0,300308.SZ,20250226,中际旭创,NA,CNY
113.8,114.83,107.53,108.18,52782100.0,300308.SZ,20250227,中际旭创,NA,CNY
103.0,103.97,100.22,100.87,55544000.0,300308.SZ,20250228,中际旭创,NA,CNY
102.44,104.48,100.12,102.77,42604000.0,300308.SZ,20250303,中际旭创,NA,CNY
98.28,103.28,97.8,102.46,32135200.0,300308.SZ,20250304,中际旭创,NA,CNY
102.98,104.97,102.39,103.46,25224800.0,300308.SZ,20250305,中际旭创,NA,CNY
104.0,106.48,102.8,105.17,40955800.0,300308.SZ,20250306,中际旭创,NA,CNY
103.77,103.79,101.86,102.24,32776800.0,300308.SZ,20250307,中际旭创,NA,CNY
102.24,103.1,101.0,102.38,24064000.0,300308.SZ,20250310,中际旭创,NA,CNY
100.0,101.81,99.4,101.78,20559900.0,300308.SZ,20250311,中际旭创,NA,CNY
102.7,103.58,101.81,102.36,25600900.0,300308.SZ,20250312,中际旭创,NA,CNY
103.75,104.88,101.8,102.49,27143500.0,300308.SZ,20250313,中际旭创,NA,CNY
102.0,104.77,101.3,103.99,36706400.0,300308.SZ,20250314,中际旭创,NA,CNY
105.0,105.81,104.0,104.26,26441500.0,300308.SZ,20250317,中际旭创,NA,CNY
104.23,109.87,102.81,108.86,65239600.0,300308.SZ,20250318,中际旭创,NA,CNY
106.68,106.68,104.78,104.98,35279100.0,300308.SZ,20250319,中际旭创,NA,CNY
105.3,106.5,104.81,105.0,19889300.0,300308.SZ,20250320,中际旭创,NA,CNY
104.32,104.96,102.11,102.45,22733300.0,300308.SZ,20250321,中际旭创,NA,CNY
102.12,103.95,101.32,102.88,22978400.0,300308.SZ,20250324,中际旭创,NA,CNY
103.69,104.8,101.93,102.0,20722300.0,300308.SZ,20250325,中际旭创,NA,CNY
101.94,102.47,101.07,101.08,15909200.0,300308.SZ,20250326,中际旭创,NA,CNY
99.58,100.48,97.52,99.12,24205900.0,300308.SZ,20250327,中际旭创,NA,CNY
99.0,99.12,97.41,97.41,20128400.0,300308.SZ,20250328,中际旭创,NA,CNY
97.0,98.98,96.69,98.64,18250700.0,300308.SZ,20250331,中际旭创,NA,CNY
99.03,99.39,98.24,98.61,12295900.0,300308.SZ,20250401,中际旭创,NA,CNY
98.88,101.38,98.32,99.76,21827900.0,300308.SZ,20250402,中际旭创,NA,CNY
96.88,97.96,93.43,93.88,42498500.0,300308.SZ,20250403,中际旭创,NA,CNY
80.1,82.5,75.1,75.1,61630600.0,300308.SZ,20250407,中际旭创,NA,CNY
75.19,76.76,70.47,72.28,69279100.0,300308.SZ,20250408,中际旭创,NA,CNY
69.98,73.54,67.2,71.99,59550000.0,300308.SZ,20250409,中际旭创,NA,CNY
80.18,81.5,77.1,77.49,70926800.0,300308.SZ,20250410,中际旭创,NA,CNY
76.0,79.28,75.91,78.37,42893700.0,300308.SZ,20250411,中际旭创,NA,CNY
81.0,84.5,80.9,81.54,54892700.0,300308.SZ,20250414,中际旭创,NA,CNY
81.15,81.38,79.29,80.17,24980000.0,300308.SZ,20250415,中际旭创,NA,CNY
78.53,78.71,76.66,77.99,26670000.0,300308.SZ,20250416,中际旭创,NA,CNY
77.09,78.85,77.09,77.61,18492400.0,300308.SZ,20250417,中际旭创,NA,CNY
77.61,79.27,77.55,79.14,25754800.0,300308.SZ,20250418,中际旭创,NA,CNY
80.43,82.26,79.15,81.19,33202700.0,300308.SZ,20250421,中际旭创,NA,CNY
80.0,80.58,79.11,80.07,23616400.0,300308.SZ,20250422,中际旭创,NA,CNY
82.1,85.34,80.88,83.52,60823300.0,300308.SZ,20250423,中际旭创,NA,CNY
83.0,84.16,81.26,81.33,30617300.0,300308.SZ,20250424,中际旭创,NA,CNY
82.5,86.99,82.5,85.27,64475700.0,300308.SZ,20250425,中际旭创,NA,CNY
85.27,85.52,83.21,83.39,31121700.0,300308.SZ,20250428,中际旭创,NA,CNY
83.35,84.23,82.42,83.09,20764600.0,300308.SZ,20250429,中际旭创,NA,CNY
83.25,84.1,82.41,83.49,22442000.0,300308.SZ,20250430,中际旭创,NA,CNY
85.17,87.19,85.15,86.65,34750000.0,300308.SZ,20250506,中际旭创,NA,CNY
88.76,89.04,85.64,86.65,31463600.0,300308.SZ,20250507,中际旭创,NA,CNY
88.86,98.0,88.13,96.49,99173400.0,300308.SZ,20250508,中际旭创,NA,CNY
94.69,96.46,94.0,94.8,42305500.0,300308.SZ,20250509,中际旭创,NA,CNY
98.8,99.06,95.1,97.27,46824900.0,300308.SZ,20250512,中际旭创,NA,CNY
100.8,100.8,96.41,96.43,52215600.0,300308.SZ,20250513,中际旭创,NA,CNY
98.05,101.09,98.05,98.39,54556400.0,300308.SZ,20250514,中际旭创,NA,CNY
98.0,98.08,94.1,94.12,43481900.0,300308.SZ,20250515,中际旭创,NA,CNY
93.4,99.48,93.21,97.83,52169400.0,300308.SZ,20250516,中际旭创,NA,CNY
96.69,97.4,95.22,95.28,30567100.0,300308.SZ,20250519,中际旭创,NA,CNY
95.29,97.18,94.4,95.96,26424200.0,300308.SZ,20250520,中际旭创,NA,CNY
95.63,97.3,94.65,95.73,26224100.0,300308.SZ,20250521,中际旭创,NA,CNY
95.0,96.78,94.4,94.46,23977400.0,300308.SZ,20250522,中际旭创,NA,CNY
94.41,95.36,91.7,91.87,27309800.0,300308.SZ,20250523,中际旭创,NA,CNY
91.99,92.99,90.86,92.36,18761500.0,300308.SZ,20250526,中际旭创,NA,CNY
90.99,92.18,88.88,90.16,27821800.0,300308.SZ,20250527,中际旭创,NA,CNY
91.0,92.99,91.0,92.62,30626000.0,300308.SZ,20250528,中际旭创,NA,CNY
93.6,96.59,93.28,94.94,42242200.0,300308.SZ,20250529,中际旭创,NA,CNY
93.78,94.38,92.51,93.55,21296600.0,300308.SZ,20250530,中际旭创,NA,CNY
92.5,93.22,91.75,91.76,18333000.0,300308.SZ,20250603,中际旭创,NA,CNY
92.99,97.97,92.99,97.3,61162400.0,300308.SZ,20250604,中际旭创,NA,CNY
97.3,103.58,96.5,102.88,67768000.0,300308.SZ,20250605,中际旭创,NA,CNY
102.0,104.45,101.25,103.45,46803700.0,300308.SZ,20250606,中际旭创,NA,CNY
105.31,111.16,105.11,108.55,72691500.0,300308.SZ,20250609,中际旭创,NA,CNY
108.1,109.73,106.61,107.77,47918600.0,300308.SZ,20250610,中际旭创,NA,CNY
110.0,110.98,107.08,107.98,34304400.0,300308.SZ,20250611,中际旭创,NA,CNY
107.1,119.2,107.0,116.0,86486800.0,300308.SZ,20250612,中际旭创,NA,CNY
114.51,117.89,113.98,116.65,47488800.0,300308.SZ,20250613,中际旭创,NA,CNY
116.92,123.45,116.9,120.57,59369800.0,300308.SZ,20250616,中际旭创,NA,CNY
121.01,122.2,117.9,119.36,35823600.0,300308.SZ,20250617,中际旭创,NA,CNY
118.51,125.6,116.1,125.06,67826300.0,300308.SZ,20250618,中际旭创,NA,CNY
124.56,130.79,123.6,128.3,62573400.0,300308.SZ,20250619,中际旭创,NA,CNY
130.0,131.18,124.77,129.5,49300500.0,300308.SZ,20250620,中际旭创,NA,CNY
127.3,129.33,122.68,127.09,53502400.0,300308.SZ,20250623,中际旭创,NA,CNY
128.38,129.97,124.3,125.25,45000500.0,300308.SZ,20250624,中际旭创,NA,CNY
127.0,128.69,123.2,125.73,49245700.0,300308.SZ,20250625,中际旭创,NA,CNY
127.6,133.18,127.08,129.7,59978700.0,300308.SZ,20250626,中际旭创,NA,CNY
129.17,140.27,126.56,138.4,66277800.0,300308.SZ,20250627,中际旭创,NA,CNY
141.5,146.6,138.01,145.86,75214300.0,300308.SZ,20250630,中际旭创,NA,CNY
143.59,146.78,142.75,145.3,31959100.0,300308.SZ,20250701,中际旭创,NA,CNY
142.5,142.6,138.13,138.93,36577000.0,300308.SZ,20250702,中际旭创,NA,CNY
141.47,143.84,139.49,142.26,38397800.0,300308.SZ,20250703,中际旭创,NA,CNY
143.11,145.18,138.55,139.45,41874400.0,300308.SZ,20250704,中际旭创,NA,CNY
137.5,139.77,130.21,135.15,57520400.0,300308.SZ,20250707,中际旭创,NA,CNY
134.76,145.26,133.82,144.88,53224100.0,300308.SZ,20250708,中际旭创,NA,CNY
145.0,149.36,144.05,145.3,41509500.0,300308.SZ,20250709,中际旭创,NA,CNY
146.52,148.68,142.0,146.59,43540300.0,300308.SZ,20250710,中际旭创,NA,CNY
144.74,147.88,142.55,145.28,31098800.0,300308.SZ,20250711,中际旭创,NA,CNY
144.33,150.5,144.33,149.82,38853100.0,300308.SZ,20250714,中际旭创,NA,CNY
155.3,174.99,155.3,174.81,92406400.0,300308.SZ,20250715,中际旭创,NA,CNY
179.8,181.97,169.67,170.76,90585100.0,300308.SZ,20250716,中际旭创,NA,CNY
169.19,178.99,169.17,176.85,60463000.0,300308.SZ,20250717,中际旭创,NA,CNY
181.18,192.01,179.0,180.62,61156200.0,300308.SZ,20250718,中际旭创,NA,CNY
179.89,188.4,177.18,187.95,59683500.0,300308.SZ,20250721,中际旭创,NA,CNY
187.1,197.1,181.4,184.44,59291200.0,300308.SZ,20250722,中际旭创,NA,CNY
179.0,187.88,176.0,186.18,40578300.0,300308.SZ,20250723,中际旭创,NA,CNY
190.5,192.96,181.67,185.2,44208000.0,300308.SZ,20250724,中际旭创,NA,CNY
186.0,189.9,184.51,185.22,28787700.0,300308.SZ,20250725,中际旭创,NA,CNY
186.0,193.23,184.2,191.87,43894700.0,300308.SZ,20250728,中际旭创,NA,CNY
198.01,210.99,198.01,209.93,58440300.0,300308.SZ,20250729,中际旭创,NA,CNY
207.06,211.8,203.59,210.6,39050500.0,300308.SZ,20250730,中际旭创,NA,CNY
221.0,228.6,215.93,217.61,64406500.0,300308.SZ,20250731,中际旭创,NA,CNY
212.52,220.88,207.63,210.63,47594600.0,300308.SZ,20250801,中际旭创,NA,CNY
207.53,210.34,204.5,208.42,33083700.0,300308.SZ,20250804,中际旭创,NA,CNY
216.5,218.37,203.5,210.92,41413700.0,300308.SZ,20250805,中际旭创,NA,CNY
206.71,213.58,206.61,210.52,25530100.0,300308.SZ,20250806,中际旭创,NA,CNY
210.52,216.0,197.2,208.46,45307600.0,300308.SZ,20250807,中际旭创,NA,CNY
207.0,213.88,205.0,209.3,32731500.0,300308.SZ,20250808,中际旭创,NA,CNY
210.0,220.5,209.99,214.75,35076200.0,300308.SZ,20250811,中际旭创,NA,CNY
215.0,226.39,213.0,225.68,43082900.0,300308.SZ,20250812,中际旭创,NA,CNY
226.75,252.96,224.0,252.0,55126500.0,300308.SZ,20250813,中际旭创,NA,CNY
246.4,248.09,239.4,239.47,40760100.0,300308.SZ,20250814,中际旭创,NA,CNY
241.47,245.45,235.11,238.05,35054000.0,300308.SZ,20250815,中际旭创,NA,CNY
241.62,268.0,238.08,260.0,46984900.0,300308.SZ,20250818,中际旭创,NA,CNY
260.0,277.58,258.9,275.5,40978900.0,300308.SZ,20250819,中际旭创,NA,CNY
261.99,269.0,257.41,267.79,40819700.0,300308.SZ,20250820,中际旭创,NA,CNY
272.8,274.6,256.1,265.22,39443500.0,300308.SZ,20250821,中际旭创,NA,CNY
259.11,280.88,259.0,278.9,38258100.0,300308.SZ,20250822,中际旭创,NA,CNY
288.0,320.0,288.0,320.0,49806100.0,300308.SZ,20250825,中际旭创,NA,CNY
313.6,322.8,306.0,314.0,36191900.0,300308.SZ,20250826,中际旭创,NA,CNY
320.0,345.9,311.31,325.1,61074600.0,300308.SZ,20250827,中际旭创,NA,CNY
322.87,359.58,322.45,359.03,58391600.0,300308.SZ,20250828,中际旭创,NA,CNY
352.0,367.7,344.97,354.92,49033300.0,300308.SZ,20250829,中际旭创,NA,CNY
372.75,413.8,364.0,406.1,59865000.0,300308.SZ,20250901,中际旭创,NA,CNY
402.02,419.6,373.87,384.0,78412700.0,300308.SZ,20250902,中际旭创,NA,CNY
392.0,429.99,379.1,426.19,71235100.0,300308.SZ,20250903,中际旭创,NA,CNY
436.0,448.0,363.88,369.14,93905600.0,300308.SZ,20250904,中际旭创,NA,CNY
378.02,418.88,361.72,407.0,79255000.0,300308.SZ,20250905,中际旭创,NA,CNY
394.0,394.0,344.0,369.99,74111600.0,300308.SZ,20250908,中际旭创,NA,CNY
365.02,372.61,347.0,359.29,48063100.0,300308.SZ,20250909,中际旭创,NA,CNY
378.0,395.48,370.58,385.0,62010200.0,300308.SZ,20250910,中际旭创,NA,CNY
402.19,443.99,402.19,439.97,65680100.0,300308.SZ,20250911,中际旭创,NA,CNY
417.0,431.99,410.0,422.09,47250500.0,300308.SZ,20250912,中际旭创,NA,CNY
410.0,419.97,397.64,408.02,35752500.0,300308.SZ,20250915,中际旭创,NA,CNY
410.03,421.97,396.22,411.42,44253200.0,300308.SZ,20250916,中际旭创,NA,CNY
405.0,412.98,391.11,406.2,32431600.0,300308.SZ,20250917,中际旭创,NA,CNY
394.21,429.99,389.21,409.4,56160700.0,300308.SZ,20250918,中际旭创,NA,CNY
415.4,425.0,400.03,421.5,46653500.0,300308.SZ,20250919,中际旭创,NA,CNY
417.29,421.8,394.68,418.0,41268400.0,300308.SZ,20250922,中际旭创,NA,CNY
447.01,457.01,418.0,434.29,53444000.0,300308.SZ,20250923,中际旭创,NA,CNY
416.01,435.0,410.0,423.5,39338500.0,300308.SZ,20250924,中际旭创,NA,CNY
416.01,442.96,404.0,434.6,50559100.0,300308.SZ,20250925,中际旭创,NA,CNY
429.05,442.3,413.7,413.7,35111800.0,300308.SZ,20250926,中际旭创,NA,CNY
410.12,433.17,403.09,416.75,42905900.0,300308.SZ,20250929,中际旭创,NA,CNY
418.51,435.0,398.06,403.68,39289300.0,300308.SZ,20250930,中际旭创,NA,CNY
419.0,426.66,397.68,398.81,39090900.0,300308.SZ,20251009,中际旭创,NA,CNY
399.01,407.8,381.01,390.0,38428500.0,300308.SZ,20251010,中际旭创,NA,CNY
369.0,382.0,361.8,376.99,40931300.0,300308.SZ,20251013,中际旭创,NA,CNY
385.0,385.94,344.0,346.1,51433900.0,300308.SZ,20251014,中际旭创,NA,CNY
345.0,357.0,337.0,354.12,35317200.0,300308.SZ,20251015,中际旭创,NA,CNY
351.14,379.3,350.03,366.97,34256800.0,300308.SZ,20251016,中际旭创,NA,CNY
367.17,381.91,360.0,373.6,46763600.0,300308.SZ,20251017,中际旭创,NA,CNY
408.19,421.21,395.58,403.0,60155000.0,300308.SZ,20251020,中际旭创,NA,CNY
410.0,451.48,405.0,441.5,56517800.0,300308.SZ,20251021,中际旭创,NA,CNY
436.09,457.5,436.09,444.3,39749900.0,300308.SZ,20251022,中际旭创,NA,CNY
441.08,443.0,425.7,440.88,27601100.0,300308.SZ,20251023,中际旭创,NA,CNY
450.0,495.65,437.1,494.0,49102500.0,300308.SZ,20251024,中际旭创,NA,CNY
503.98,515.0,495.56,508.94,45072300.0,300308.SZ,20251027,中际旭创,NA,CNY
503.3,536.0,501.0,513.0,41796000.0,300308.SZ,20251028,中际旭创,NA,CNY
538.01,542.01,506.16,520.72,41727100.0,300308.SZ,20251029,中际旭创,NA,CNY
516.51,538.0,509.0,514.74,45330900.0,300308.SZ,20251030,中际旭创,NA,CNY
503.0,509.0,472.0,473.01,56301200.0,300308.SZ,20251031,中际旭创,NA,CNY
470.67,483.4,457.51,480.0,39840800.0,300308.SZ,20251103,中际旭创,NA,CNY
489.6,504.29,473.88,477.8,36085300.0,300308.SZ,20251104,中际旭创,NA,CNY
462.02,480.0,458.79,477.01,26408700.0,300308.SZ,20251105,中际旭创,NA,CNY
488.0,507.88,482.27,496.88,37325100.0,300308.SZ,20251106,中际旭创,NA,CNY
491.0,499.79,479.0,490.05,24309900.0,300308.SZ,20251107,中际旭创,NA,CNY
488.88,495.88,460.0,490.0,35211000.0,300308.SZ,20251110,中际旭创,NA,CNY
493.68,499.66,464.0,468.05,32513100.0,300308.SZ,20251111,中际旭创,NA,CNY
459.63,492.39,450.01,491.75,42302200.0,300308.SZ,20251112,中际旭创,NA,CNY
489.28,489.28,470.01,481.0,31331700.0,300308.SZ,20251113,中际旭创,NA,CNY
465.18,473.88,454.22,462.82,24727200.0,300308.SZ,20251114,中际旭创,NA,CNY
475.2,488.64,468.4,483.2,28246600.0,300308.SZ,20251117,中际旭创,NA,CNY
474.7,490.8,470.01,472.91,24067800.0,300308.SZ,20251118,中际旭创,NA,CNY
472.43,499.7,472.0,488.6,33786500.0,300308.SZ,20251119,中际旭创,NA,CNY
515.0,522.38,490.33,492.0,35352200.0,300308.SZ,20251120,中际旭创,NA,CNY
472.99,483.0,460.0,464.01,41412200.0,300308.SZ,20251121,中际旭创,NA,CNY
470.0,476.99,436.96,456.8,46425800.0,300308.SZ,20251124,中际旭创,NA,CNY
477.01,494.8,470.01,479.66,43936400.0,300308.SZ,20251125,中际旭创,NA,CNY
475.2,556.88,470.4,543.22,62895100.0,300308.SZ,20251126,中际旭创,NA,CNY
537.0,558.77,523.36,524.0,43732700.0,300308.SZ,20251127,中际旭创,NA,CNY
527.2,529.8,508.6,514.5,32465700.0,300308.SZ,20251128,中际旭创,NA,CNY
524.0,546.5,515.0,538.0,37286700.0,300308.SZ,20251201,中际旭创,NA,CNY
542.0,551.13,535.5,542.0,27161500.0,300308.SZ,20251202,中际旭创,NA,CNY
540.54,558.58,522.11,523.73,36832700.0,300308.SZ,20251203,中际旭创,NA,CNY
517.37,536.53,512.34,535.5,26319400.0,300308.SZ,20251204,中际旭创,NA,CNY
539.53,545.0,525.0,537.05,28282500.0,300308.SZ,20251205,中际旭创,NA,CNY
543.0,585.0,539.0,570.0,40822400.0,300308.SZ,20251208,中际旭创,NA,CNY
570.09,613.0,568.54,606.0,37129300.0,300308.SZ,20251209,中际旭创,NA,CNY
609.06,620.0,589.5,616.0,30209400.0,300308.SZ,20251210,中际旭创,NA,CNY
610.0,627.11,585.91,586.81,36353100.0,300308.SZ,20251211,中际旭创,NA,CNY
587.0,603.88,570.22,582.0,46878900.0,300308.SZ,20251212,中际旭创,NA,CNY
570.0,588.0,568.0,570.86,30098700.0,300308.SZ,20251215,中际旭创,NA,CNY
568.8,575.0,545.01,551.79,27970200.0,300308.SZ,20251216,中际旭创,NA,CNY
557.0,592.07,556.66,589.98,32357000.0,300308.SZ,20251217,中际旭创,NA,CNY
576.99,579.87,563.43,571.2,24162800.0,300308.SZ,20251218,中际旭创,NA,CNY
583.34,587.0,570.28,571.7,22442900.0,300308.SZ,20251219,中际旭创,NA,CNY
590.01,622.0,590.01,617.5,39441100.0,300308.SZ,20251222,中际旭创,NA,CNY
625.0,628.99,614.0,621.0,23364200.0,300308.SZ,20251223,中际旭创,NA,CNY
627.64,638.0,617.6,634.4,23509100.0,300308.SZ,20251224,中际旭创,NA,CNY
645.0,658.8,618.41,639.8,25938700.0,300308.SZ,20251225,中际旭创,NA,CNY
628.3,636.95,618.0,627.0,21376100.0,300308.SZ,20251226,中际旭创,NA,CNY
627.64,633.69,612.73,618.0,24112500.0,300308.SZ,20251229,中际旭创,NA,CNY
618.1,644.34,615.0,632.0,26114500.0,300308.SZ,20251230,中际旭创,NA,CNY
629.0,633.0,608.0,610.0,22560400.0,300308.SZ,20251231,中际旭创,NA,CNY
621.08,627.29,600.17,623.51,30204100.0,300308.SZ,20260105,中际旭创,NA,CNY
606.0,615.8,590.2,605.25,33558300.0,300308.SZ,20260106,中际旭创,NA,CNY
616.8,628.0,602.0,619.6,28001400.0,300308.SZ,20260107,中际旭创,NA,CNY
611.1,616.0,592.0,595.45,29196100.0,300308.SZ,20260108,中际旭创,NA,CNY
575.94,595.0,561.61,583.2,38572300.0,300308.SZ,20260109,中际旭创,NA,CNY
570.0,600.0,558.85,591.97,38360700.0,300308.SZ,20260112,中际旭创,NA,CNY
580.8,616.6,580.01,585.76,32055900.0,300308.SZ,20260113,中际旭创,NA,CNY
595.35,600.88,567.01,593.0,41732900.0,300308.SZ,20260114,中际旭创,NA,CNY
583.2,636.99,581.02,625.02,45903800.0,300308.SZ,20260115,中际旭创,NA,CNY
635.97,645.0,615.02,617.0,37272300.0,300308.SZ,20260116,中际旭创,NA,CNY
605.0,619.0,602.57,605.5,22307800.0,300308.SZ,20260119,中际旭创,NA,CNY
605.52,608.0,580.0,585.0,26290000.0,300308.SZ,20260120,中际旭创,NA,CNY
586.24,599.66,581.0,581.9,25095900.0,300308.SZ,20260121,中际旭创,NA,CNY
590.08,624.5,585.0,621.0,40194400.0,300308.SZ,20260122,中际旭创,NA,CNY
614.0,615.0,580.16,585.0,39656000.0,300308.SZ,20260123,中际旭创,NA,CNY
580.0,598.0,572.01,589.8,26088100.0,300308.SZ,20260126,中际旭创,NA,CNY
589.96,630.0,586.7,615.6,38728600.0,300308.SZ,20260127,中际旭创,NA,CNY
632.0,644.98,623.0,628.0,32926300.0,300308.SZ,20260128,中际旭创,NA,CNY
637.0,637.95,610.11,613.85,24894000.0,300308.SZ,20260129,中际旭创,NA,CNY
616.2,653.58,605.93,649.0,35759200.0,300308.SZ,20260130,中际旭创,NA,CNY
635.01,658.58,591.0,591.0,55998000.0,300308.SZ,20260202,中际旭创,NA,CNY
607.0,618.8,576.0,589.7,42918000.0,300308.SZ,20260203,中际旭创,NA,CNY
570.0,574.55,525.13,560.0,52721000.0,300308.SZ,20260204,中际旭创,NA,CNY
561.01,577.75,556.01,561.99,31867500.0,300308.SZ,20260205,中际旭创,NA,CNY
548.11,561.88,530.3,540.01,32867500.0,300308.SZ,20260206,中际旭创,NA,CNY
561.0,573.99,550.12,565.99,36663300.0,300308.SZ,20260209,中际旭创,NA,CNY
561.55,573.68,555.5,555.71,21715800.0,300308.SZ,20260210,中际旭创,NA,CNY
551.01,554.0,522.53,531.91,39713500.0,300308.SZ,20260211,中际旭创,NA,CNY
535.0,546.38,523.38,527.46,30178600.0,300308.SZ,20260212,中际旭创,NA,CNY
524.0,543.8,515.0,531.0,26043600.0,300308.SZ,20260213,中际旭创,NA,CNY
542.0,572.02,522.0,554.0,35655700.0,300308.SZ,20260224,中际旭创,NA,CNY
550.0,569.86,548.0,566.07,21479200.0,300308.SZ,20260225,中际旭创,NA,CNY
566.07,574.0,559.0,572.22,25279900.0,300308.SZ,20260226,中际旭创,NA,CNY
555.0,559.98,531.11,534.0,34712400.0,300308.SZ,20260227,中际旭创,NA,CNY
520.0,580.0,520.0,570.58,49310300.0,300308.SZ,20260302,中际旭创,NA,CNY
570.8,599.04,563.28,563.8,39310100.0,300308.SZ,20260303,中际旭创,NA,CNY
554.02,563.5,536.5,539.0,30742900.0,300308.SZ,20260304,中际旭创,NA,CNY
556.0,585.0,552.6,557.0,37900300.0,300308.SZ,20260305,中际旭创,NA,CNY
553.0,559.98,537.06,545.48,21966700.0,300308.SZ,20260306,中际旭创,NA,CNY
520.1,528.3,506.0,525.99,31474300.0,300308.SZ,20260309,中际旭创,NA,CNY
540.0,548.98,530.02,547.0,28309400.0,300308.SZ,20260310,中际旭创,NA,CNY
557.0,568.9,553.0,554.68,23897100.0,300308.SZ,20260311,中际旭创,NA,CNY
557.25,563.58,528.5,534.8,23911700.0,300308.SZ,20260312,中际旭创,NA,CNY
526.5,548.88,525.01,542.02,21198100.0,300308.SZ,20260313,中际旭创,NA,CNY
549.05,565.0,540.32,561.7,27431900.0,300308.SZ,20260316,中际旭创,NA,CNY
570.0,577.88,539.0,543.0,30040900.0,300308.SZ,20260317,中际旭创,NA,CNY
553.86,582.05,550.0,580.0,37780400.0,300308.SZ,20260318,中际旭创,NA,CNY
580.0,592.8,569.9,575.2,33140700.0,300308.SZ,20260319,中际旭创,NA,CNY
605.0,632.72,604.1,612.0,53853900.0,300308.SZ,20260320,中际旭创,NA,CNY
590.31,618.1,585.0,599.62,37851900.0,300308.SZ,20260323,中际旭创,NA,CNY
599.0,605.0,577.0,603.19,28263500.0,300308.SZ,20260324,中际旭创,NA,CNY
625.0,635.0,616.05,628.4,33563100.0,300308.SZ,20260325,中际旭创,NA,CNY
626.89,645.0,612.83,614.2,26276900.0,300308.SZ,20260326,中际旭创,NA,CNY
598.85,609.88,588.66,598.0,22432600.0,300308.SZ,20260327,中际旭创,NA,CNY
585.0,595.58,579.0,589.08,20925400.0,300308.SZ,20260330,中际旭创,NA,CNY
571.0,585.9,555.0,569.41,26120200.0,300308.SZ,20260331,中际旭创,NA,CNY
591.0,602.0,581.2,601.87,25540400.0,300308.SZ,20260401,中际旭创,NA,CNY
593.01,596.77,578.69,582.0,17731000.0,300308.SZ,20260402,中际旭创,NA,CNY
600.0,625.0,594.35,606.52,29027100.0,300308.SZ,20260403,中际旭创,NA,CNY
608.0,636.66,597.7,619.53,23903000.0,300308.SZ,20260407,中际旭创,NA,CNY
653.53,688.26,643.0,688.14,39662900.0,300308.SZ,20260408,中际旭创,NA,CNY
682.0,700.0,678.01,693.02,24961900.0,300308.SZ,20260409,中际旭创,NA,CNY
700.0,743.04,694.01,734.65,33080000.0,300308.SZ,20260410,中际旭创,NA,CNY
738.8,744.0,714.23,738.0,22887600.0,300308.SZ,20260413,中际旭创,NA,CNY
750.0,786.22,748.78,773.0,29266800.0,300308.SZ,20260414,中际旭创,NA,CNY
787.0,808.83,766.0,779.98,32345200.0,300308.SZ,20260415,中际旭创,NA,CNY
772.37,810.11,762.35,809.61,28657000.0,300308.SZ,20260416,中际旭创,NA,CNY
841.0,865.0,820.24,851.0,39857100.0,300308.SZ,20260417,中际旭创,NA,CNY
849.0,878.98,840.58,850.0,27263100.0,300308.SZ,20260420,中际旭创,NA,CNY
849.75,868.0,839.0,864.86,25113800.0,300308.SZ,20260421,中际旭创,NA,CNY
859.3,893.2,854.0,886.62,29438200.0,300308.SZ,20260422,中际旭创,NA,CNY
890.0,919.99,877.78,897.0,30986900.0,300308.SZ,20260423,中际旭创,NA,CNY
900.25,915.0,854.53,886.99,38388400.0,300308.SZ,20260424,中际旭创,NA,CNY
899.0,900.0,854.0,857.03,31814800.0,300308.SZ,20260427,中际旭创,NA,CNY
854.0,854.0,821.0,825.0,29510900.0,300308.SZ,20260428,中际旭创,NA,CNY
816.23,863.0,816.23,846.0,25173000.0,300308.SZ,20260429,中际旭创,NA,CNY
863.66,874.65,845.0,857.5,21270900.0,300308.SZ,20260430,中际旭创,NA,CNY
888.5,889.0,840.45,856.0,30938500.0,300308.SZ,20260506,中际旭创,NA,CNY
858.0,889.15,835.0,877.47,27719000.0,300308.SZ,20260507,中际旭创,NA,CNY
864.95,898.95,861.56,886.0,19764000.0,300308.SZ,20260508,中际旭创,NA,CNY
889.06,946.79,870.0,940.13,32265500.0,300308.SZ,20260511,中际旭创,NA,CNY
961.0,1022.9,960.0,1017.99,34542100.0,300308.SZ,20260512,中际旭创,NA,CNY
999.68,1052.2,991.12,1049.2,26000500.0,300308.SZ,20260513,中际旭创,NA,CNY
1065.0,1088.88,1025.1,1078.0,30057100.0,300308.SZ,20260514,中际旭创,NA,CNY
1068.99,1099.87,1034.0,1049.87,27625200.0,300308.SZ,20260515,中际旭创,NA,CNY
1030.03,1075.0,1030.03,1045.0,24313200.0,300308.SZ,20260518,中际旭创,NA,CNY
1026.0,1037.38,988.88,1030.0,27274900.0,300308.SZ,20260519,中际旭创,NA,CNY
1019.11,1071.0,1019.11,1037.0,22597300.0,300308.SZ,20260520,中际旭创,NA,CNY
1060.0,1065.0,993.34,993.34,23772600.0,300308.SZ,20260521,中际旭创,NA,CNY
1010.04,1044.87,1006.18,1037.98,20933700.0,300308.SZ,20260522,中际旭创,NA,CNY
1054.99,1094.98,1025.55,1093.0,25076000.0,300308.SZ,20260525,中际旭创,NA,CNY
1079.0,1110.0,1076.0,1103.0,23439100.0,300308.SZ,20260526,中际旭创,NA,CNY
1090.0,1147.0,1088.67,1111.37,25068800.0,300308.SZ,20260527,中际旭创,NA,CNY
1100.0,1199.79,1085.56,1197.99,28746500.0,300308.SZ,20260528,中际旭创,NA,CNY
1190.0,1209.99,1155.0,1161.16,28726700.0,300308.SZ,20260529,中际旭创,NA,CNY
1161.0,1183.61,1113.9,1130.0,26978100.0,300308.SZ,20260601,中际旭创,NA,CNY
1153.6,1205.58,1140.01,1191.81,29006300.0,300308.SZ,20260602,中际旭创,NA,CNY
1220.0,1320.0,1220.0,1275.0,34525000.0,300308.SZ,20260603,中际旭创,NA,CNY
1250.0,1290.0,1241.36,1280.0,21714200.0,300308.SZ,20260604,中际旭创,NA,CNY
1273.2,1301.51,1160.0,1179.99,47474000.0,300308.SZ,20260605,中际旭创,NA,CNY
1132.79,1179.45,1132.0,1154.99,33611900.0,300308.SZ,20260608,中际旭创,NA,CNY
1140.97,1196.16,1126.9,1180.0,39893000.0,300308.SZ,20260609,中际旭创,NA,CNY
1150.0,1174.0,1128.8,1147.0,22896500.0,300308.SZ,20260610,中际旭创,NA,CNY
1136.0,1174.9,1093.0,1124.0,30592300.0,300308.SZ,20260611,中际旭创,NA,CNY
1182.0,1188.5,1128.18,1149.0,34685000.0,300308.SZ,20260612,中际旭创,NA,CNY
1175.0,1245.0,1122.0,1245.0,34223700.0,300308.SZ,20260615,中际旭创,NA,CNY
1240.0,1273.68,1232.46,1248.09,23282100.0,300308.SZ,20260616,中际旭创,NA,CNY
1228.0,1276.13,1220.05,1276.11,21756200.0,300308.SZ,20260617,中际旭创,NA,CNY
1270.0,1368.5,1268.73,1367.88,28551600.0,300308.SZ,20260618,中际旭创,NA,CNY
1367.78,1416.88,1343.38,1382.33,28033200.0,300308.SZ,20260622,中际旭创,NA,CNY
1395.0,1395.0,1300.0,1310.01,29177300.0,300308.SZ,20260623,中际旭创,NA,CNY
1313.61,1344.88,1282.15,1312.18,26225700.0,300308.SZ,20260624,中际旭创,NA,CNY
1326.0,1345.09,1280.02,1323.4,37609000.0,300308.SZ,20260625,中际旭创,NA,CNY
1296.0,1296.94,1235.13,1253.89,35281000.0,300308.SZ,20260626,中际旭创,NA,CNY
1239.0,1264.21,1169.49,1220.0,35289900.0,300308.SZ,20260629,中际旭创,NA,CNY
1223.01,1295.6,1218.21,1270.0,27678200.0,300308.SZ,20260630,中际旭创,NA,CNY
1263.5,1315.57,1208.0,1223.17,27155700.0,300308.SZ,20260701,中际旭创,NA,CNY
1160.0,1198.0,1127.4,1143.0,31762000.0,300308.SZ,20260702,中际旭创,NA,CNY
1130.0,1188.01,1115.0,1116.0,32861700.0,300308.SZ,20260703,中际旭创,NA,CNY
1136.54,1141.0,1060.34,1098.92,31556600.0,300308.SZ,20260706,中际旭创,NA,CNY
1098.0,1138.2,1089.0,1121.9,29286400.0,300308.SZ,20260707,中际旭创,NA,CNY
1134.8,1179.3,1114.56,1128.35,31732800.0,300308.SZ,20260708,中际旭创,NA,CNY
1153.0,1199.99,1117.01,1194.9,35888400.0,300308.SZ,20260709,中际旭创,NA,CNY
1210.0,1218.0,1093.98,1093.98,42326200.0,300308.SZ,20260710,中际旭创,NA,CNY
1100.01,1148.48,1076.8,1108.0,34452000.0,300308.SZ,20260713,中际旭创,NA,CNY
1108.53,1198.66,1098.0,1184.05,40047500.0,300308.SZ,20260714,中际旭创,NA,CNY
1190.0,1207.98,1160.0,1169.31,24794600.0,300308.SZ,20260715,中际旭创,NA,CNY
1122.22,1163.0,1098.0,1113.0,30663300.0,300308.SZ,20260716,中际旭创,NA,CNY
1057.36,1072.0,950.55,979.46,56186000.0,300308.SZ,20260717,中际旭创,NA,CNY
1028.43,1057.77,967.68,1004.0,45366500.0,300308.SZ,20260720,中际旭创,NA,CNY
1020.01,1136.8,988.82,1136.55,48115700.0,300308.SZ,20260721,中际旭创,NA,CNY
1110.0,1138.88,1060.5,1060.8,36798000.0,300308.SZ,20260722,中际旭创,NA,CNY
